Name,Address,Type,Description,Image_URL
"The Ranch Country Club","11887 Tejon St, Westminster, CO 80234","Recreation","This is where I play golf with my brother and dad, so it’s tied to some of my favorite family memories. It’s one of those places that instantly feels familiar and fun every time I’m there.","https://www.theranchcc.com/documents/20124/141352/Wedding%2BImage.jpg/9d462399-4636-37c3-822c-e43a2d30d0d4?t=1769798758226"
"Sierra","10680 Cabela Dr, Lone Tree, CO 80124","Restaurant","This is one of my favorite spots when I’m down in the Lone Tree area. I like the atmosphere and it’s a go-to place I’d take someone who wants a nicer meal without it feeling too formal.","https://www.sierrarestaurant.com/wp-content/uploads/2025/12/Sierra-Restaurant.png"
"Los Dos Potrillos (Highlands Ranch)","35 Springer Dr, Littleton, CO 80129","Restaurant","This is my favorite Mexican restaurant around Highlands Ranch. It’s the kind of place I keep coming back to because the food is consistently great and it feels like a reliable local staple.","https://popmenucloud.com/cdn-cgi/image/width%3D1200%2Cheight%3D1200%2Cfit%3Dscale-down%2Cformat%3Dauto%2Cquality%3D60/iqdfvhel/43c7ac84-912c-45d9-863a-16e6e66cd918.jpg"
"Chatfield State Park","11500 N Roxborough Park Rd, Littleton, CO 80125","Recreation","This is where I go wake surfing and paddle boarding, so it’s one of my main summer spots. It’s a place I associate with being outside, being on the water, and spending full days doing something active.","https://commons.wikimedia.org/wiki/Special:FilePath/Chatfield%20State%20Park.JPG"
"Vail Village","241 S Frontage Rd W Suite 8150, Vail, CO 81657","Recreation","Vail is my favorite place to ski, and it’s the spot I think of when I picture a perfect winter trip. The village and the mountain both feel like the classic Colorado ski experience.","https://commons.wikimedia.org/wiki/Special:FilePath/Vail%20village%20colorado.jpg"
"Pearl Street Mall","1303 Pearl St, Boulder, CO 80302","Cultural","Pearl Street is one of the best places to walk around in Boulder because there are so many shops and good places to eat. It’s a go-to place to bring people because it always has energy and things to do.","https://commons.wikimedia.org/wiki/Special:FilePath/Pearl%20Street%20Mall.jpg"
"New Castle (Town Hall)","450 W Main St, New Castle, CO 81647","Historical","New Castle matters to me because it’s where my family ranch is and where I spend time hunting and being outdoors. I used Town Hall as a public reference point, but the place represents some of my most personal Colorado memories.","https://commons.wikimedia.org/wiki/Special:FilePath/New%20Castle%2C%20Colorado.JPG"
"Red Rocks Park & Amphitheatre","18300 W Alameda Pkwy, Morrison, CO 80465","Cultural","Red Rocks is one of the best concert venues in the U.S. and it feels uniquely Colorado. Even outside of concerts, it’s a place that’s worth seeing because the setting and views are unreal.","https://commons.wikimedia.org/wiki/Special:FilePath/Red%20Rocks%20Amphitheatre.jpg"
"Matsuhisa Denver","98 Steele St, Denver, CO 80206","Restaurant","This is some of my favorite sushi in Colorado, and it’s a spot I’d pick when I want a meal that feels like an experience. It’s a go-to recommendation for someone visiting Denver who wants something special.","https://www.matsuhisarestaurants.com/wp-content/uploads/2023/08/Matsuhisa-Denver-Cocktails.jpg"
"Golden Welcome Center (Downtown Golden)","1010 Washington Ave, Golden, CO 80401","Cultural","I like Golden because it has great food and beer, and it’s easy to mix downtown with outdoor activities in the same day. It’s one of the best places to hang out and explore without needing a strict plan.","https://commons.wikimedia.org/wiki/Special:FilePath/Downtown%20Golden%2C%20Colo.jpg"